﻿Year of year,Town,Number of Records
1998,YISHUN,20944
1999,YISHUN,18612
2000,YISHUN,12120
2001,YISHUN,10116
2002,YISHUN,9568
2003,YISHUN,7724
2004,YISHUN,7540
2005,YISHUN,7612
2006,YISHUN,7096
2007,YISHUN,6420
2008,YISHUN,6344
2009,YISHUN,6760
2010,YISHUN,8604
2011,YISHUN,5864
2012,YISHUN,6064
2013,YISHUN,4384
2014,YISHUN,4684
2015,YISHUN,4140
2016,YISHUN,4476
2017,YISHUN,5024
1998,WOODLANDS,8260
1999,WOODLANDS,12068
2000,WOODLANDS,9944
2001,WOODLANDS,17768
2002,WOODLANDS,16924
2003,WOODLANDS,13640
2004,WOODLANDS,13700
2005,WOODLANDS,11100
2006,WOODLANDS,8700
2007,WOODLANDS,9872
2008,WOODLANDS,9780
2009,WOODLANDS,9980
2010,WOODLANDS,12704
2011,WOODLANDS,8024
2012,WOODLANDS,8524
2013,WOODLANDS,5764
2014,WOODLANDS,4892
2015,WOODLANDS,4912
2016,WOODLANDS,5484
2017,WOODLANDS,6112
1998,TOA PAYOH,2732
1999,TOA PAYOH,2936
2000,TOA PAYOH,1924
2001,TOA PAYOH,1508
2002,TOA PAYOH,1412
2003,TOA PAYOH,1148
2004,TOA PAYOH,1088
2005,TOA PAYOH,1144
2006,TOA PAYOH,1176
2007,TOA PAYOH,1036
2008,TOA PAYOH,1228
2009,TOA PAYOH,1176
2010,TOA PAYOH,1448
2011,TOA PAYOH,888
2012,TOA PAYOH,1020
2013,TOA PAYOH,856
2014,TOA PAYOH,732
2015,TOA PAYOH,776
2016,TOA PAYOH,848
2017,TOA PAYOH,900
1998,TAMPINES,22664
1999,TAMPINES,25488
2000,TAMPINES,14316
2001,TAMPINES,18584
2002,TAMPINES,14496
2003,TAMPINES,9656
2004,TAMPINES,8176
2005,TAMPINES,8992
2006,TAMPINES,8144
2007,TAMPINES,7384
2008,TAMPINES,7764
2009,TAMPINES,8700
2010,TAMPINES,9660
2011,TAMPINES,5952
2012,TAMPINES,6652
2013,TAMPINES,4396
2014,TAMPINES,5200
2015,TAMPINES,5232
2016,TAMPINES,5432
2017,TAMPINES,5144
1998,SERANGOON,6096
1999,SERANGOON,6608
2000,SERANGOON,3328
2001,SERANGOON,4624
2002,SERANGOON,3692
2003,SERANGOON,2856
2004,SERANGOON,2496
2005,SERANGOON,2744
2006,SERANGOON,2528
2007,SERANGOON,2312
2008,SERANGOON,2344
2009,SERANGOON,2536
2010,SERANGOON,2832
2011,SERANGOON,1904
2012,SERANGOON,1856
2013,SERANGOON,1356
2014,SERANGOON,1344
2015,SERANGOON,1524
2016,SERANGOON,1648
2017,SERANGOON,1636
1998,SENGKANG,
1999,SENGKANG,
2000,SENGKANG,
2001,SENGKANG,
2002,SENGKANG,108
2003,SENGKANG,2176
2004,SENGKANG,3176
2005,SENGKANG,4728
2006,SENGKANG,4796
2007,SENGKANG,5520
2008,SENGKANG,5500
2009,SENGKANG,6808
2010,SENGKANG,7660
2011,SENGKANG,5392
2012,SENGKANG,5344
2013,SENGKANG,3868
2014,SENGKANG,3896
2015,SENGKANG,4704
2016,SENGKANG,5772
2017,SENGKANG,6068
1998,SEMBAWANG,
1999,SEMBAWANG,
2000,SEMBAWANG,
2001,SEMBAWANG,
2002,SEMBAWANG,636
2003,SEMBAWANG,1920
2004,SEMBAWANG,1952
2005,SEMBAWANG,3584
2006,SEMBAWANG,3128
2007,SEMBAWANG,2904
2008,SEMBAWANG,3016
2009,SEMBAWANG,3632
2010,SEMBAWANG,3284
2011,SEMBAWANG,2240
2012,SEMBAWANG,2288
2013,SEMBAWANG,1384
2014,SEMBAWANG,1528
2015,SEMBAWANG,1996
2016,SEMBAWANG,2060
2017,SEMBAWANG,2088
1998,QUEENSTOWN,4872
1999,QUEENSTOWN,6324
2000,QUEENSTOWN,3952
2001,QUEENSTOWN,4084
2002,QUEENSTOWN,4064
2003,QUEENSTOWN,3440
2004,QUEENSTOWN,3840
2005,QUEENSTOWN,3824
2006,QUEENSTOWN,3272
2007,QUEENSTOWN,3428
2008,QUEENSTOWN,3392
2009,QUEENSTOWN,3560
2010,QUEENSTOWN,3984
2011,QUEENSTOWN,2384
2012,QUEENSTOWN,2464
2013,QUEENSTOWN,1896
2014,QUEENSTOWN,1852
2015,QUEENSTOWN,1964
2016,QUEENSTOWN,1920
2017,QUEENSTOWN,2104
1998,PUNGGOL,
1999,PUNGGOL,
2000,PUNGGOL,
2001,PUNGGOL,
2002,PUNGGOL,
2003,PUNGGOL,
2004,PUNGGOL,
2005,PUNGGOL,60
2006,PUNGGOL,880
2007,PUNGGOL,2956
2008,PUNGGOL,3052
2009,PUNGGOL,3904
2010,PUNGGOL,3224
2011,PUNGGOL,2492
2012,PUNGGOL,2936
2013,PUNGGOL,1412
2014,PUNGGOL,1752
2015,PUNGGOL,2512
2016,PUNGGOL,3688
2017,PUNGGOL,5184
1998,PASIR RIS,13296
1999,PASIR RIS,16800
2000,PASIR RIS,9052
2001,PASIR RIS,6640
2002,PASIR RIS,5872
2003,PASIR RIS,3472
2004,PASIR RIS,3376
2005,PASIR RIS,4136
2006,PASIR RIS,3700
2007,PASIR RIS,3500
2008,PASIR RIS,3420
2009,PASIR RIS,4308
2010,PASIR RIS,5016
2011,PASIR RIS,2948
2012,PASIR RIS,3332
2013,PASIR RIS,2152
2014,PASIR RIS,2076
2015,PASIR RIS,2448
2016,PASIR RIS,2292
2017,PASIR RIS,2484
1998,MARINE PARADE,1788
1999,MARINE PARADE,1864
2000,MARINE PARADE,1204
2001,MARINE PARADE,1140
2002,MARINE PARADE,1056
2003,MARINE PARADE,960
2004,MARINE PARADE,932
2005,MARINE PARADE,984
2006,MARINE PARADE,916
2007,MARINE PARADE,924
2008,MARINE PARADE,1000
2009,MARINE PARADE,960
2010,MARINE PARADE,1076
2011,MARINE PARADE,652
2012,MARINE PARADE,616
2013,MARINE PARADE,440
2014,MARINE PARADE,604
2015,MARINE PARADE,440
2016,MARINE PARADE,460
2017,MARINE PARADE,476
1998,LIM CHU KANG,28
1999,LIM CHU KANG,
2000,LIM CHU KANG,
2001,LIM CHU KANG,
2002,LIM CHU KANG,
2003,LIM CHU KANG,
2004,LIM CHU KANG,
2005,LIM CHU KANG,
2006,LIM CHU KANG,
2007,LIM CHU KANG,
2008,LIM CHU KANG,
2009,LIM CHU KANG,
2010,LIM CHU KANG,
2011,LIM CHU KANG,
2012,LIM CHU KANG,
2013,LIM CHU KANG,
2014,LIM CHU KANG,
2015,LIM CHU KANG,
2016,LIM CHU KANG,
2017,LIM CHU KANG,
1998,KALLANG/WHAMPOA,3764
1999,KALLANG/WHAMPOA,4888
2000,KALLANG/WHAMPOA,2812
2001,KALLANG/WHAMPOA,3212
2002,KALLANG/WHAMPOA,3280
2003,KALLANG/WHAMPOA,2624
2004,KALLANG/WHAMPOA,2560
2005,KALLANG/WHAMPOA,2484
2006,KALLANG/WHAMPOA,2532
2007,KALLANG/WHAMPOA,2468
2008,KALLANG/WHAMPOA,2544
2009,KALLANG/WHAMPOA,3016
2010,KALLANG/WHAMPOA,3308
2011,KALLANG/WHAMPOA,1996
2012,KALLANG/WHAMPOA,2028
2013,KALLANG/WHAMPOA,1524
2014,KALLANG/WHAMPOA,1576
2015,KALLANG/WHAMPOA,1548
2016,KALLANG/WHAMPOA,2084
2017,KALLANG/WHAMPOA,2264
1998,JURONG WEST,13536
1999,JURONG WEST,16348
2000,JURONG WEST,10180
2001,JURONG WEST,10032
2002,JURONG WEST,9564
2003,JURONG WEST,7244
2004,JURONG WEST,8800
2005,JURONG WEST,9544
2006,JURONG WEST,8652
2007,JURONG WEST,8124
2008,JURONG WEST,8244
2009,JURONG WEST,9728
2010,JURONG WEST,11484
2011,JURONG WEST,7312
2012,JURONG WEST,7712
2013,JURONG WEST,5516
2014,JURONG WEST,5500
2015,JURONG WEST,5760
2016,JURONG WEST,5792
2017,JURONG WEST,6452
1998,JURONG EAST,6372
1999,JURONG EAST,6032
2000,JURONG EAST,3728
2001,JURONG EAST,3296
2002,JURONG EAST,4800
2003,JURONG EAST,3936
2004,JURONG EAST,3320
2005,JURONG EAST,3156
2006,JURONG EAST,2748
2007,JURONG EAST,2920
2008,JURONG EAST,2808
2009,JURONG EAST,2912
2010,JURONG EAST,3360
2011,JURONG EAST,1848
2012,JURONG EAST,2140
2013,JURONG EAST,1564
2014,JURONG EAST,1596
2015,JURONG EAST,1596
2016,JURONG EAST,1732
2017,JURONG EAST,1804
1998,HOUGANG,11692
1999,HOUGANG,12232
2000,HOUGANG,7232
2001,HOUGANG,8844
2002,HOUGANG,10796
2003,HOUGANG,6588
2004,HOUGANG,6652
2005,HOUGANG,6376
2006,HOUGANG,5656
2007,HOUGANG,5316
2008,HOUGANG,5648
2009,HOUGANG,6040
2010,HOUGANG,6940
2011,HOUGANG,4688
2012,HOUGANG,4528
2013,HOUGANG,3288
2014,HOUGANG,3168
2015,HOUGANG,3536
2016,HOUGANG,3832
2017,HOUGANG,3720
1998,GEYLANG,6012
1999,GEYLANG,7372
2000,GEYLANG,4092
2001,GEYLANG,4328
2002,GEYLANG,3988
2003,GEYLANG,3212
2004,GEYLANG,3700
2005,GEYLANG,3640
2006,GEYLANG,3136
2007,GEYLANG,2820
2008,GEYLANG,2752
2009,GEYLANG,3312
2010,GEYLANG,4544
2011,GEYLANG,2688
2012,GEYLANG,2660
2013,GEYLANG,1992
2014,GEYLANG,1816
2015,GEYLANG,2056
2016,GEYLANG,2072
2017,GEYLANG,2244
1998,CLEMENTI,6968
1999,CLEMENTI,7220
2000,CLEMENTI,4832
2001,CLEMENTI,4436
2002,CLEMENTI,3420
2003,CLEMENTI,3204
2004,CLEMENTI,3324
2005,CLEMENTI,3384
2006,CLEMENTI,3036
2007,CLEMENTI,2940
2008,CLEMENTI,2764
2009,CLEMENTI,3096
2010,CLEMENTI,3492
2011,CLEMENTI,1952
2012,CLEMENTI,2300
2013,CLEMENTI,1640
2014,CLEMENTI,1604
2015,CLEMENTI,1832
2016,CLEMENTI,1900
2017,CLEMENTI,1748
1998,CHOA CHU KANG,7128
1999,CHOA CHU KANG,13416
2000,CHOA CHU KANG,6072
2001,CHOA CHU KANG,7140
2002,CHOA CHU KANG,8296
2003,CHOA CHU KANG,5676
2004,CHOA CHU KANG,5668
2005,CHOA CHU KANG,5468
2006,CHOA CHU KANG,4780
2007,CHOA CHU KANG,5520
2008,CHOA CHU KANG,5024
2009,CHOA CHU KANG,6060
2010,CHOA CHU KANG,6404
2011,CHOA CHU KANG,3780
2012,CHOA CHU KANG,4240
2013,CHOA CHU KANG,2376
2014,CHOA CHU KANG,2016
2015,CHOA CHU KANG,3196
2016,CHOA CHU KANG,3884
2017,CHOA CHU KANG,3208
1998,CENTRAL AREA,664
1999,CENTRAL AREA,920
2000,CENTRAL AREA,520
2001,CENTRAL AREA,624
2002,CENTRAL AREA,512
2003,CENTRAL AREA,456
2004,CENTRAL AREA,564
2005,CENTRAL AREA,608
2006,CENTRAL AREA,524
2007,CENTRAL AREA,456
2008,CENTRAL AREA,504
2009,CENTRAL AREA,512
2010,CENTRAL AREA,620
2011,CENTRAL AREA,428
2012,CENTRAL AREA,396
2013,CENTRAL AREA,324
2014,CENTRAL AREA,312
2015,CENTRAL AREA,756
2016,CENTRAL AREA,616
2017,CENTRAL AREA,552
1998,BUKIT TIMAH,748
1999,BUKIT TIMAH,764
2000,BUKIT TIMAH,384
2001,BUKIT TIMAH,360
2002,BUKIT TIMAH,348
2003,BUKIT TIMAH,276
2004,BUKIT TIMAH,296
2005,BUKIT TIMAH,316
2006,BUKIT TIMAH,312
2007,BUKIT TIMAH,244
2008,BUKIT TIMAH,356
2009,BUKIT TIMAH,344
2010,BUKIT TIMAH,368
2011,BUKIT TIMAH,128
2012,BUKIT TIMAH,176
2013,BUKIT TIMAH,136
2014,BUKIT TIMAH,104
2015,BUKIT TIMAH,136
2016,BUKIT TIMAH,216
2017,BUKIT TIMAH,228
1998,BUKIT PANJANG,4928
1999,BUKIT PANJANG,4788
2000,BUKIT PANJANG,2740
2001,BUKIT PANJANG,4168
2002,BUKIT PANJANG,4748
2003,BUKIT PANJANG,4768
2004,BUKIT PANJANG,3580
2005,BUKIT PANJANG,4080
2006,BUKIT PANJANG,3960
2007,BUKIT PANJANG,3932
2008,BUKIT PANJANG,3888
2009,BUKIT PANJANG,4568
2010,BUKIT PANJANG,4828
2011,BUKIT PANJANG,3412
2012,BUKIT PANJANG,3304
2013,BUKIT PANJANG,2000
2014,BUKIT PANJANG,2148
2015,BUKIT PANJANG,2616
2016,BUKIT PANJANG,2976
2017,BUKIT PANJANG,2724
1998,BUKIT MERAH,5708
1999,BUKIT MERAH,6872
2000,BUKIT MERAH,4724
2001,BUKIT MERAH,4780
2002,BUKIT MERAH,3888
2003,BUKIT MERAH,3676
2004,BUKIT MERAH,3944
2005,BUKIT MERAH,4260
2006,BUKIT MERAH,4340
2007,BUKIT MERAH,4232
2008,BUKIT MERAH,4260
2009,BUKIT MERAH,4408
2010,BUKIT MERAH,5188
2011,BUKIT MERAH,3636
2012,BUKIT MERAH,3580
2013,BUKIT MERAH,2768
2014,BUKIT MERAH,2664
2015,BUKIT MERAH,2572
2016,BUKIT MERAH,2888
2017,BUKIT MERAH,3288
1998,BUKIT BATOK,13536
1999,BUKIT BATOK,10000
2000,BUKIT BATOK,6672
2001,BUKIT BATOK,8168
2002,BUKIT BATOK,6928
2003,BUKIT BATOK,6064
2004,BUKIT BATOK,5532
2005,BUKIT BATOK,5560
2006,BUKIT BATOK,5064
2007,BUKIT BATOK,4504
2008,BUKIT BATOK,5220
2009,BUKIT BATOK,5764
2010,BUKIT BATOK,6160
2011,BUKIT BATOK,3776
2012,BUKIT BATOK,4100
2013,BUKIT BATOK,2508
2014,BUKIT BATOK,2480
2015,BUKIT BATOK,2964
2016,BUKIT BATOK,3040
2017,BUKIT BATOK,2932
1998,BISHAN,5412
1999,BISHAN,6188
2000,BISHAN,3200
2001,BISHAN,3320
2002,BISHAN,3264
2003,BISHAN,2188
2004,BISHAN,2688
2005,BISHAN,2560
2006,BISHAN,2592
2007,BISHAN,2336
2008,BISHAN,2408
2009,BISHAN,2720
2010,BISHAN,2952
2011,BISHAN,1708
2012,BISHAN,1644
2013,BISHAN,1168
2014,BISHAN,1132
2015,BISHAN,1244
2016,BISHAN,1496
2017,BISHAN,1764
1998,BEDOK,15516
1999,BEDOK,17632
2000,BEDOK,10012
2001,BEDOK,9764
2002,BEDOK,9204
2003,BEDOK,7404
2004,BEDOK,7712
2005,BEDOK,7408
2006,BEDOK,6856
2007,BEDOK,6184
2008,BEDOK,5876
2009,BEDOK,6804
2010,BEDOK,8224
2011,BEDOK,5076
2012,BEDOK,5320
2013,BEDOK,4308
2014,BEDOK,4272
2015,BEDOK,4636
2016,BEDOK,4724
2017,BEDOK,4340
1998,ANG MO KIO,11932
1999,ANG MO KIO,13396
2000,ANG MO KIO,9160
2001,ANG MO KIO,8608
2002,ANG MO KIO,7188
2003,ANG MO KIO,6148
2004,ANG MO KIO,5948
2005,ANG MO KIO,6808
2006,ANG MO KIO,6256
2007,ANG MO KIO,5232
2008,ANG MO KIO,5512
2009,ANG MO KIO,5964
2010,ANG MO KIO,6908
2011,ANG MO KIO,4508
2012,ANG MO KIO,4492
2013,ANG MO KIO,3136
2014,ANG MO KIO,3200
2015,ANG MO KIO,3616
2016,ANG MO KIO,3788
2017,ANG MO KIO,3724
