﻿Town,Demand of Houses(2016 to 2017),Supply of Houses(2016 to 2017),Percenatge of Demand Unfulfilled,Supply of Houses(2020 to 2021)
JURONG WEST,"6,452","3,068",110,659
WOODLANDS,"6,112","2,902",111,664
SENGKANG,"6,068","2,976",104,1146
PUNGGOL,"5,184","2,238",132,1206
TAMPINES,"5,144","2,657",94,904
YISHUN,"5,024","2,376",111,696
BEDOK,"4,340","2,374",83,714
ANG MO KIO,"3,724","1,889",97,477
HOUGANG,"3,720","1,971",89,637
BUKIT MERAH,"3,288","1,551",112,500
CHOA CHU KANG,"3,208","1,775",81,614
BUKIT BATOK,"2,932","1,496",96,312
BUKIT PANJANG,"2,724","1,438",89,471
PASIR RIS,"2,484","1,199",107,407
KALLANG/WHAMPOA,"2,264","1,330",70,343
GEYLANG,"2,244","1,085",107,328
QUEENSTOWN,"2,104","1,006",109,457
SEMBAWANG,"2,088","1,040",101,200
JURONG EAST,"1,804",890,103,250
BISHAN,"1,764",820,115,271
CLEMENTI,"1,748",913,91,288
SERANGOON,"1,636",860,90,226
TOA PAYOH,900,"1,302",-31,421
CENTRAL AREA,552,374,48,111
MARINE PARADE,476,239,99,80
BUKIT TIMAH,228,111,105,44
